id,consumption_cocaine_last_month
test_0001,Yes
test_0002,No
test_0003,No
test_0004,No
test_0005,Yes
test_0006,No
test_0007,No
test_0008,No
test_0009,No
test_0010,No
test_0011,No
test_0012,No
test_0013,No
test_0014,No
test_0015,No
test_0016,No
test_0017,No
test_0018,No
test_0019,Yes
test_0020,No
test_0021,Yes
test_0022,Yes
test_0023,No
test_0024,Yes
test_0025,Yes
test_0026,No
test_0027,No
test_0028,No
test_0029,No
test_0030,No
test_0031,Yes
test_0032,Yes
test_0033,Yes
test_0034,Yes
test_0035,Yes
test_0036,No
test_0037,No
test_0038,No
test_0039,No
test_0040,No
test_0041,No
test_0042,No
test_0043,No
test_0044,Yes
test_0045,No
test_0046,No
test_0047,No
test_0048,Yes
test_0049,Yes
test_0050,Yes
test_0051,No
test_0052,No
test_0053,No
test_0054,No
test_0055,No
test_0056,No
test_0057,No
test_0058,Yes
test_0059,No
test_0060,No
test_0061,No
test_0062,Yes
test_0063,No
test_0064,No
test_0065,Yes
test_0066,No
test_0067,No
test_0068,No
test_0069,No
test_0070,No
test_0071,No
test_0072,Yes
test_0073,No
test_0074,No
test_0075,No
test_0076,No
test_0077,Yes
test_0078,No
test_0079,Yes
test_0080,Yes
test_0081,No
test_0082,No
test_0083,No
test_0084,No
test_0085,No
test_0086,No
test_0087,Yes
test_0088,No
test_0089,Yes
test_0090,Yes
test_0091,No
test_0092,Yes
test_0093,Yes
test_0094,No
test_0095,Yes
test_0096,No
test_0097,Yes
test_0098,No
test_0099,Yes
test_0100,No
test_0101,No
test_0102,No
test_0103,No
test_0104,Yes
test_0105,No
test_0106,No
test_0107,No
test_0108,Yes
test_0109,Yes
test_0110,Yes
test_0111,No
test_0112,Yes
test_0113,Yes
test_0114,No
test_0115,No
test_0116,No
test_0117,No
test_0118,No
test_0119,No
test_0120,Yes
test_0121,No
test_0122,No
test_0123,No
test_0124,No
test_0125,No
test_0126,No
test_0127,No
test_0128,No
test_0129,Yes
test_0130,No
test_0131,No
test_0132,No
test_0133,No
test_0134,No
test_0135,Yes
test_0136,No
test_0137,Yes
test_0138,Yes
test_0139,No
test_0140,No
test_0141,Yes
test_0142,No
test_0143,No
test_0144,No
test_0145,No
test_0146,No
test_0147,Yes
test_0148,No
test_0149,No
test_0150,Yes
test_0151,No
test_0152,Yes
test_0153,Yes
test_0154,No
test_0155,No
test_0156,No
test_0157,No
test_0158,Yes
test_0159,Yes
test_0160,Yes
test_0161,No
test_0162,Yes
test_0163,No
test_0164,No
test_0165,Yes
test_0166,No
test_0167,Yes
test_0168,Yes
test_0169,Yes
test_0170,Yes
test_0171,No
test_0172,No
test_0173,No
test_0174,No
test_0175,No
test_0176,Yes
test_0177,No
test_0178,No
test_0179,No
test_0180,No
test_0181,Yes
test_0182,No
test_0183,Yes
test_0184,No
test_0185,No
test_0186,No
test_0187,No
test_0188,Yes
test_0189,No
test_0190,Yes
test_0191,No
test_0192,No
test_0193,No
test_0194,No
test_0195,Yes
test_0196,Yes
test_0197,No
test_0198,Yes
test_0199,No
test_0200,Yes
test_0201,No
test_0202,No
test_0203,No
test_0204,No
test_0205,No
test_0206,No
test_0207,No
test_0208,Yes
test_0209,No
test_0210,No
test_0211,No
test_0212,No
test_0213,No
test_0214,Yes
test_0215,No
test_0216,No
test_0217,Yes
test_0218,No
test_0219,No
test_0220,No
test_0221,Yes
test_0222,Yes
test_0223,Yes
test_0224,No
test_0225,Yes
test_0226,Yes
test_0227,Yes
test_0228,No
test_0229,Yes
test_0230,No
test_0231,No
test_0232,Yes
test_0233,No
test_0234,No
test_0235,No
test_0236,No
test_0237,No
test_0238,No
test_0239,No
test_0240,No
test_0241,No
test_0242,Yes
test_0243,Yes
test_0244,Yes
test_0245,No
test_0246,No
test_0247,Yes
test_0248,No
test_0249,No
test_0250,Yes
test_0251,No
test_0252,No
test_0253,Yes
test_0254,No
test_0255,No
test_0256,No
test_0257,No
test_0258,No
test_0259,No
test_0260,No
test_0261,No
test_0262,Yes
test_0263,No
test_0264,No
test_0265,Yes
test_0266,No
test_0267,Yes
test_0268,Yes
test_0269,No
test_0270,No
test_0271,No
test_0272,Yes
test_0273,Yes
test_0274,No
test_0275,No
test_0276,No
test_0277,No
test_0278,No
test_0279,No
test_0280,Yes
test_0281,No
test_0282,No
test_0283,Yes
test_0284,No
test_0285,No
test_0286,No
test_0287,No
test_0288,No
test_0289,No
test_0290,Yes
test_0291,Yes
test_0292,Yes
test_0293,Yes
test_0294,Yes
test_0295,No
test_0296,No
test_0297,Yes
test_0298,Yes
test_0299,No
test_0300,No
test_0301,No
test_0302,No
test_0303,No
test_0304,No
test_0305,No
test_0306,No
test_0307,No
test_0308,Yes
test_0309,Yes
test_0310,No
test_0311,No
test_0312,No
test_0313,No
test_0314,No
test_0315,No
test_0316,No
test_0317,No
test_0318,No
test_0319,Yes
test_0320,No
test_0321,No
test_0322,No
test_0323,No
test_0324,No
test_0325,No
test_0326,Yes
test_0327,No
test_0328,No
test_0329,Yes
test_0330,No
test_0331,No
test_0332,No
test_0333,No
test_0334,No
test_0335,No
test_0336,Yes
test_0337,No
test_0338,No
test_0339,No
test_0340,No
test_0341,No
test_0342,Yes
test_0343,No
test_0344,Yes
test_0345,Yes
test_0346,No
test_0347,No
test_0348,Yes
test_0349,No
test_0350,No
test_0351,No
test_0352,No
test_0353,Yes
test_0354,No
test_0355,Yes
test_0356,No
test_0357,No
test_0358,No
test_0359,Yes
test_0360,No
test_0361,No
test_0362,No
test_0363,No
test_0364,No
test_0365,No
test_0366,Yes
test_0367,Yes
test_0368,No
test_0369,No
test_0370,No
test_0371,No
test_0372,Yes
test_0373,Yes
test_0374,No
test_0375,No
test_0376,No
test_0377,Yes
test_0378,No
test_0379,Yes
test_0380,Yes
test_0381,No
test_0382,No
test_0383,No
test_0384,No
test_0385,No
