{
"meta":{"test_sets":["test"],"test_metrics":[{"best_value":"Min","name":"MAPE"}],"learn_metrics":[{"best_value":"Min","name":"MAPE"}],"launch_mode":"Train","parameters":"","iteration_count":1000,"learn_sets":["learn"],"name":"experiment"},
"iterations":[
{"learn":[0.8365489221],"iteration":0,"passed_time":0.2391355455,"remaining_time":238.89641,"test":[0.8793197756]},
{"learn":[0.8324401811],"iteration":1,"passed_time":0.293629601,"remaining_time":146.5211709,"test":[0.8754907299]},
{"learn":[0.8295010467],"iteration":2,"passed_time":0.3470293292,"remaining_time":115.3294138,"test":[0.8712752825]},
{"learn":[0.8289420189],"iteration":3,"passed_time":0.3999609741,"remaining_time":99.59028255,"test":[0.870678556]},
{"learn":[0.8227867365],"iteration":4,"passed_time":0.4747350407,"remaining_time":94.4722731,"test":[0.8711521294]},
{"learn":[0.8222482599],"iteration":5,"passed_time":0.5392177999,"remaining_time":89.33041551,"test":[0.8705624945]},
{"learn":[0.8217017736],"iteration":6,"passed_time":0.5916584536,"remaining_time":83.93097777,"test":[0.8699898554]},
{"learn":[0.821507605],"iteration":7,"passed_time":0.6575416089,"remaining_time":81.5351595,"test":[0.8694439333]},
{"learn":[0.8209709497],"iteration":8,"passed_time":0.7406539091,"remaining_time":81.55422488,"test":[0.8686577519]},
{"learn":[0.8189309633],"iteration":9,"passed_time":0.8038070481,"remaining_time":79.57689776,"test":[0.8653904122]},
{"learn":[0.8184588006],"iteration":10,"passed_time":0.8607087768,"remaining_time":77.38554366,"test":[0.8649453206]},
{"learn":[0.815598732],"iteration":11,"passed_time":0.9142654998,"remaining_time":75.27452615,"test":[0.8604912683]},
{"learn":[0.8171574661],"iteration":12,"passed_time":0.9723014313,"remaining_time":73.82011636,"test":[0.8599339974]},
{"learn":[0.8178627381],"iteration":13,"passed_time":1.041860713,"remaining_time":73.37676165,"test":[0.8594463053]},
{"learn":[0.8173184846],"iteration":14,"passed_time":1.101762668,"remaining_time":72.34908184,"test":[0.858893224]},
{"learn":[0.8177162927],"iteration":15,"passed_time":1.163644361,"remaining_time":71.56412821,"test":[0.8583392475]},
{"learn":[0.8167471173],"iteration":16,"passed_time":1.233158666,"remaining_time":71.3055864,"test":[0.8579523747]},
{"learn":[0.8148596703],"iteration":17,"passed_time":1.309949573,"remaining_time":71.46502668,"test":[0.854585162]},
{"learn":[0.8147802839],"iteration":18,"passed_time":1.360334095,"remaining_time":70.23619723,"test":[0.8545684087]},
{"learn":[0.8094272135],"iteration":19,"passed_time":1.427036035,"remaining_time":69.92476573,"test":[0.8542323598]},
{"learn":[0.8090706423],"iteration":20,"passed_time":1.50170497,"remaining_time":70.0080555,"test":[0.8538416655]},
{"learn":[0.808882983],"iteration":21,"passed_time":1.594681879,"remaining_time":70.8908581,"test":[0.8537715613]},
{"learn":[0.8044879],"iteration":22,"passed_time":1.662799711,"remaining_time":70.63283988,"test":[0.849288276]},
{"learn":[0.8042848161],"iteration":23,"passed_time":1.749427318,"remaining_time":71.14337759,"test":[0.8491796149]},
{"learn":[0.8039421701],"iteration":24,"passed_time":1.835000834,"remaining_time":71.56503252,"test":[0.8488754101]},
{"learn":[0.8039455941],"iteration":25,"passed_time":1.9050074,"remaining_time":71.36450797,"test":[0.8485656084]},
{"learn":[0.7973279813],"iteration":26,"passed_time":1.982640654,"remaining_time":71.4484947,"test":[0.8516692226]},
{"learn":[0.7976132479],"iteration":27,"passed_time":2.054709218,"remaining_time":71.32776284,"test":[0.8515000622]},
{"learn":[0.7973072845],"iteration":28,"passed_time":2.139416525,"remaining_time":71.63356711,"test":[0.8511938219]},
{"learn":[0.7977555985],"iteration":29,"passed_time":2.222867397,"remaining_time":71.8727125,"test":[0.8504580275]},
{"learn":[0.7975547203],"iteration":30,"passed_time":2.320081689,"remaining_time":72.52126312,"test":[0.8504481585]},
{"learn":[0.7973592787],"iteration":31,"passed_time":2.389199971,"remaining_time":72.27329912,"test":[0.8490227835]},
{"learn":[0.7975488422],"iteration":32,"passed_time":2.469967811,"remaining_time":72.37754161,"test":[0.8488299803]},
{"learn":[0.7974574335],"iteration":33,"passed_time":2.549327088,"remaining_time":72.43088139,"test":[0.8491639331]},
{"learn":[0.7972026329],"iteration":34,"passed_time":2.636237886,"remaining_time":72.68484457,"test":[0.8489317078]},
{"learn":[0.7969572711],"iteration":35,"passed_time":2.705952457,"remaining_time":72.45939356,"test":[0.8487475981]}
]}